algorithm,7 nodes
RAFT,436.0934313889353
Paxos,509.56769787063075
No Algorithm,378.3465204957102