algorithm,3 nodes
RAFT,605.0440122824974
Paxos,409.4596928982726
No Algorithm,378.1615905245347