algorithm,5 nodes
RAFT,256.19359564671413
Paxos,434.86084959816304
No Algorithm,331.63503222026947